pid, mode, frame, date, time, thumbTip.x, thumbTip.y, thumbIP.x, thumbIP.y, thumbMP.x, thumbMP.y, thumbCMC.x, thumbCMC.y, thumbTip2.x, thumbTip2.y, thumbIP2.x, thumbIP2.y, thumbMP2.x, thumbMP2.y, thumbCMC2.x, thumbCMC2.y, indexTip.x, indexTip.y, indexPIP.x, indexPIP.y, indexDIP.x, indexDIP.y, indexMCP.x, indexMCP.y, indexTip2.x, indexTip2.y, indexPIP2.x, indexPIP2.y, indexDIP2.x, indexDIP2.y, indexMCP2.x, indexMCP2.y, middleTip.x, middleTip.y, middlePIP.x, middlePIP.y, middleDIP.x, middleDIP.y, middleMCP.x, middleMCP.y, middleTip2.x, middleTip2.y, middlePIP2.x, middlePIP2.y, middleDIP2.x, middleDIP2.y, middleMCP2.x, middleMCP2.y, ringTip.x, ringTip.y, ringPIP.x, ringPIP.y, ringDIP.x, ringDIP.y, ringMCP.x, ringMCP.y, ringTip2.x, ringTip2.y, ringPIP2.x, ringPIP2.y, ringDIP2.x, ringDIP2.y, ringMCP2.x, ringMCP2.y, littleTip.x, littleTip.y, littlePIP.x, littlePIP.y, littleDIP.x, littleDIP.y, littleMCP.x, littleMCP.y, littleTip2.x, littleTip2.y, littlePIP2.x, littlePIP2.y, littleDIP2.x, littleDIP2.y, littleMCP2.x, littleMCP2.y
tester1, 0, 5, 2023-11-08, 14:32:20.707, 108.69085645675659, 242.4835860729218, 242.53735148906708, 325.756922364235, 130.44764959812164, 276.8599838018418, 178.81122595071793, 305.0255477428437, 108.69085645675659, 242.4835860729218, 242.53735148906708, 325.756922364235, 130.44764959812164, 276.8599838018418, 178.81122595071793, 305.0255477428437, 222.31375998258585, 78.30566167831427, 233.51128035783768, 148.3105123043061, 227.82410216331476, 118.58142167329794, 248.0803335905075, 197.92465120553976, 222.31375998258585, 78.30566167831427, 233.51128035783768, 148.3105123043061, 227.82410216331476, 118.58142167329794, 248.0803335905075, 197.92465120553976, 287.7880097031593, 64.95610624551779, 293.5375655293464, 136.05165481567388, 290.1502096652984, 99.4998067617417, 294.1956117749214, 191.4688646793366, 287.7880097031593, 64.95610624551779, 293.5375655293464, 136.05165481567388, 290.1502096652984, 99.4998067617417, 294.1956117749214, 191.4688646793366, 337.3357075154781, 87.10744231939321, 339.7190379500389, 152.04551070928576, 340.006992816925, 119.70336735248569, 335.19803124666214, 201.66546106338504, 337.3357075154781, 87.10744231939321, 339.7190379500389, 152.04551070928576, 340.006992816925, 119.70336735248569, 335.19803124666214, 201.66546106338504, 394.94439232349396, 146.46103978157046, 380.95975667238235, 189.92992490530017, 388.6365388035774, 168.85446757078174, 372.30107349157333, 221.63390368223193, 394.94439232349396, 146.46103978157046, 380.95975667238235, 189.92992490530017, 388.6365388035774, 168.85446757078174, 372.30107349157333, 221.63390368223193
tester1, 0, 10, 2023-11-08, 14:32:21.372, 90.98495179414749, 250.6867870688439, 228.5394372344017, 329.721786081791, 126.58687573671341, 281.7893475294114, 174.20629370212555, 309.5157444477082, 90.98495179414749, 250.6867870688439, 228.5394372344017, 329.721786081791, 126.58687573671341, 281.7893475294114, 174.20629370212555, 309.5157444477082, 213.89770948886866, 125.04429370164877, 233.09972316026688, 186.66896224021917, 224.809501349926, 162.45160996913916, 246.35387659072876, 224.23209249973303, 213.89770948886866, 125.04429370164877, 233.09972316026688, 186.66896224021917, 224.809501349926, 162.45160996913916, 246.35387659072876, 224.23209249973303, 274.9403644204139, 102.85580903291708, 277.6163608431816, 176.657684147358, 274.3476775288581, 140.4476165771485, 282.915358543396, 217.1722054481507, 274.9403644204139, 102.85580903291708, 277.6163608431816, 176.657684147358, 274.3476775288581, 140.4476165771485, 282.915358543396, 217.1722054481507, 326.0158371329307, 134.19395685195926, 319.9126490354538, 189.68919664621356, 325.8599924445152, 162.15900331735614, 316.9177673459053, 225.47824680805212, 326.0158371329307, 134.19395685195926, 319.9126490354538, 189.68919664621356, 325.8599924445152, 162.15900331735614, 316.9177673459053, 225.47824680805212, 366.3399942815304, 193.20282340049746, 352.75799053907394, 224.49959814548495, 360.75542709231377, 210.41227877140048, 343.74865680933, 248.12217056751257, 366.3399942815304, 193.20282340049746, 352.75799053907394, 224.49959814548495, 360.75542709231377, 210.41227877140048, 343.74865680933, 248.12217056751257
tester1, 0, 15, 2023-11-08, 14:32:22.190, 157.8986577987671, 228.56886684894567, 273.4925593137741, 319.470763206482, 188.3193421959877, 254.75424528121954, 229.45581990480423, 295.4843491315842, 157.8986577987671, 228.56886684894567, 273.4925593137741, 319.470763206482, 188.3193421959877, 254.75424528121954, 229.45581990480423, 295.4843491315842, 253.19112497568125, 120.89990079402929, 266.63742059469223, 179.98270690441137, 260.56838315725327, 149.95729923248297, 280.0536206960678, 210.870310664177, 253.19112497568125, 120.89990079402929, 266.63742059469223, 179.98270690441137, 260.56838315725327, 149.95729923248297, 280.0536206960678, 210.870310664177, 303.50419116020197, 109.80313271284109, 309.09070640802383, 167.72769391536718, 306.45534092187876, 136.51355355978018, 313.76739877462387, 207.831658422947, 303.50419116020197, 109.80313271284109, 309.09070640802383, 167.72769391536718, 306.45534092187876, 136.51355355978018, 313.76739877462387, 207.831658422947, 345.33336272835726, 131.5969750285149, 344.264017701149, 180.21134287118915, 346.7878468930721, 157.24112838506701, 341.2216868698597, 212.792381644249, 345.33336272835726, 131.5969750285149, 344.264017701149, 180.21134287118915, 346.7878468930721, 157.24112838506701, 341.2216868698597, 212.792381644249, 386.96947771310806, 188.15079331398013, 372.97641372680664, 213.06954324245456, 381.44241800904274, 201.12477242946628, 360.4364026784897, 230.8432459831238, 386.96947771310806, 188.15079331398013, 372.97641372680664, 213.06954324245456, 381.44241800904274, 201.12477242946628, 360.4364026784897, 230.8432459831238
tester1, 0, 20, 2023-11-08, 14:32:23.642, 156.9286836385727, 241.8345361948014, 283.702135682106, 321.30695879459387, 192.97738885879517, 266.398698091507, 237.42982012033463, 299.510344862938, 156.9286836385727, 241.8345361948014, 283.702135682106, 321.30695879459387, 192.97738885879517, 266.398698091507, 237.42982012033463, 299.510344862938, 258.8871290683746, 110.50227284431463, 275.82677084207535, 182.80754238367086, 266.54009717702866, 151.3564065098763, 288.59669256210327, 215.42814373970037, 258.8871290683746, 110.50227284431463, 275.82677084207535, 182.80754238367086, 266.54009717702866, 151.3564065098763, 288.59669256210327, 215.42814373970037, 315.1744139194488, 99.5247289538384, 318.1259214878082, 166.20719432830816, 315.1502023339271, 133.88733565807348, 320.9484993815422, 207.91710913181308, 315.1744139194488, 99.5247289538384, 318.1259214878082, 166.20719432830816, 315.1502023339271, 133.88733565807348, 320.9484993815422, 207.91710913181308, 362.56672403216356, 119.56827342510226, 356.28530845046043, 177.0904585719109, 361.2517844736576, 150.552973151207, 350.7134235203266, 213.69954943656924, 362.56672403216356, 119.56827342510226, 356.28530845046043, 177.0904585719109, 361.2517844736576, 150.552973151207, 350.7134235203266, 213.69954943656924, 405.8085958957672, 178.64531278610232, 388.55336862802505, 209.83397215604785, 399.02213618159294, 194.91232931613925, 374.3864105939865, 229.62941229343417, 405.8085958957672, 178.64531278610232, 388.55336862802505, 209.83397215604785, 399.02213618159294, 194.91232931613925, 374.3864105939865, 229.62941229343417
tester1, 0, 25, 2023-11-08, 14:32:24.463, 164.99388480186462, 226.33903473615652, 288.7413657307625, 317.42879748344427, 192.3942832350731, 251.11661106348043, 240.9073035120964, 291.20477288961416, 164.99388480186462, 226.33903473615652, 288.7413657307625, 317.42879748344427, 192.3942832350731, 251.11661106348043, 240.9073035120964, 291.20477288961416, 261.2837182283401, 110.53533107042318, 278.9650137424469, 175.40869116783148, 269.79180455207825, 143.56005191802984, 291.36810410022736, 206.65396749973303, 261.2837182283401, 110.53533107042318, 278.9650137424469, 175.40869116783148, 269.79180455207825, 143.56005191802984, 291.36810410022736, 206.65396749973303, 314.1732708215713, 98.1277003884316, 321.3046760559082, 158.66958349943164, 317.51749110221857, 127.22155451774603, 324.9000766277313, 201.18498802185061, 314.1732708215713, 98.1277003884316, 321.3046760559082, 158.66958349943164, 317.51749110221857, 127.22155451774603, 324.9000766277313, 201.18498802185061, 355.31752088665957, 116.88434332609182, 357.22576355934143, 169.48509961366656, 358.30906304717064, 145.56176215410235, 355.21562549471855, 206.73139393329623, 355.31752088665957, 116.88434332609182, 357.22576355934143, 169.48509961366656, 358.30906304717064, 145.56176215410235, 355.21562549471855, 206.73139393329623, 402.38301435112953, 165.01088440418246, 388.67478436231613, 199.66748356819156, 396.9701148569584, 184.6280470490456, 377.1716175675392, 220.37295252084735, 402.38301435112953, 165.01088440418246, 388.67478436231613, 199.66748356819156, 396.9701148569584, 184.6280470490456, 377.1716175675392, 220.37295252084735
tester1, 0, 30, 2023-11-08, 14:32:25.697, 164.87326419353485, 231.64030909538275, 287.0769285559654, 328.13492417335516, 200.19597965478897, 257.7886283397675, 241.56407755613327, 299.3426844477654, 164.87326419353485, 231.64030909538275, 287.0769285559654, 328.13492417335516, 200.19597965478897, 257.7886283397675, 241.56407755613327, 299.3426844477654, 263.6453616023063, 126.08615309000021, 278.37856858968735, 189.50416892766958, 270.6965386271477, 160.20834445953375, 292.9279424548149, 224.48131442070013, 263.6453616023063, 126.08615309000021, 278.37856858968735, 189.50416892766958, 270.6965386271477, 160.20834445953375, 292.9279424548149, 224.48131442070013, 319.34198713302607, 140.7398879528046, 323.8268951177597, 183.2908093929291, 322.01639330387115, 160.17504036426547, 326.80742478370667, 217.99336373806003, 319.34198713302607, 140.7398879528046, 323.8268951177597, 183.2908093929291, 322.01639330387115, 160.17504036426547, 326.80742478370667, 217.99336373806003, 366.38792049884796, 145.18826454877856, 361.05183017253876, 188.2467716932297, 365.81467443704605, 166.5904596447945, 358.9047316610813, 221.5772867202759, 366.38792049884796, 145.18826454877856, 361.05183017253876, 188.2467716932297, 365.81467443704605, 166.5904596447945, 358.9047316610813, 221.5772867202759, 403.56407457590103, 163.4195521473885, 391.35517385602, 202.28384435176852, 399.1462354660034, 185.31277030706408, 383.1590154469013, 230.62884807586673, 403.56407457590103, 163.4195521473885, 391.35517385602, 202.28384435176852, 399.1462354660034, 185.31277030706408, 383.1590154469013, 230.62884807586673
tester1, 0, 35, 2023-11-08, 14:32:26.622, 170.34492349624634, 246.34636938571936, 297.97723084688187, 321.27989083528524, 203.51471614837646, 268.31634342670446, 246.43597334623337, 296.1874678730965, 170.34492349624634, 246.34636938571936, 297.97723084688187, 321.27989083528524, 203.51471614837646, 268.31634342670446, 246.43597334623337, 296.1874678730965, 270.108224928379, 141.13227277994162, 288.8520075082779, 165.32271355390554, 278.77895426750183, 145.8158120512963, 294.09212613105774, 214.901514351368, 270.108224928379, 141.13227277994162, 288.8520075082779, 165.32271355390554, 278.77895426750183, 145.8158120512963, 294.09212613105774, 214.901514351368, 314.5822041034698, 135.91466099023825, 328.428726375103, 160.18237173557284, 321.0416086316108, 141.3407474756241, 334.86662274599075, 208.58283340930942, 314.5822041034698, 135.91466099023825, 328.428726375103, 160.18237173557284, 321.0416086316108, 141.3407474756241, 334.86662274599075, 208.58283340930942, 350.06694635748863, 158.37192535400393, 358.7953024506569, 175.65809190273288, 354.9443881511688, 162.34141588211062, 361.7349825203419, 212.8037363290787, 350.06694635748863, 158.37192535400393, 358.7953024506569, 175.65809190273288, 354.9443881511688, 162.34141588211062, 361.7349825203419, 212.8037363290787, 363.91949170827866, 193.19660961627963, 373.7301732599735, 203.81855964660647, 368.71849432587624, 197.55336642265323, 375.38423404097557, 223.68004918098453, 363.91949170827866, 193.19660961627963, 373.7301732599735, 203.81855964660647, 368.71849432587624, 197.55336642265323, 375.38423404097557, 223.68004918098453
tester1, 0, 40, 2023-11-08, 14:32:27.649, 366.44320163130755, 88.4291678667069, 389.0940145254135, 236.59032583236697, 354.52660909295076, 138.36959749460223, 365.754264742136, 194.27856802940371, 366.44320163130755, 88.4291678667069, 389.0940145254135, 236.59032583236697, 354.52660909295076, 138.36959749460223, 365.754264742136, 194.27856802940371, 333.7564082443714, 272.8694379329682, 269.2119589447975, 291.8327003717423, 301.21935695409775, 282.21593052148825, 303.4954447746277, 277.9939323663712, 333.7564082443714, 272.8694379329682, 269.2119589447975, 291.8327003717423, 301.21935695409775, 282.21593052148825, 303.4954447746277, 277.9939323663712, 327.293087720871, 250.2229660749436, 247.74558556079865, 269.81031149625784, 291.3219470381737, 257.43278861045843, 284.4698695540428, 259.6853077411652, 327.293087720871, 250.2229660749436, 247.74558556079865, 269.81031149625784, 291.3219470381737, 257.43278861045843, 284.4698695540428, 259.6853077411652, 323.3775296807289, 244.61196362972262, 238.79079747200012, 241.71021580696112, 286.6031527519226, 244.59944665431982, 279.2272065281868, 250.34415721893316, 323.3775296807289, 244.61196362972262, 238.79079747200012, 241.71021580696112, 286.6031527519226, 244.59944665431982, 279.2272065281868, 250.34415721893316, 318.54097723960876, 244.23898011446005, 273.7390086054802, 234.9772453308106, 297.0193028450012, 240.84953963756567, 294.045929312706, 246.79018557071691, 318.54097723960876, 244.23898011446005, 273.7390086054802, 234.9772453308106, 297.0193028450012, 240.84953963756567, 294.045929312706, 246.79018557071691
tester1, 1, 0, 2023-11-08, 14:32:32.426, 203.3471433520317, 246.80654704570776, 340.8704002201557, 298.6510321497918, 241.8681337237358, 263.6080831289292, 289.5388770699501, 280.52870929241186, 203.3471433520317, 246.80654704570776, 340.8704002201557, 298.6510321497918, 241.8681337237358, 263.6080831289292, 289.5388770699501, 280.52870929241186, 268.4322981834411, 135.07403433322912, 307.4741755723953, 172.57853597402578, 286.95471769571304, 153.98979932069784, 326.3961856365204, 203.06847989559176, 268.4322981834411, 135.07403433322912, 307.4741755723953, 172.57853597402578, 286.95471769571304, 153.98979932069784, 326.3961856365204, 203.06847989559176, 319.1088959574699, 113.09576779603964, 346.01438811421394, 153.59669923782351, 331.9019955992698, 130.0751566886902, 360.2827247083187, 187.9079639911652, 319.1088959574699, 113.09576779603964, 346.01438811421394, 153.59669923782351, 331.9019955992698, 130.0751566886902, 360.2827247083187, 187.9079639911652, 364.2778152227401, 122.97499179840091, 384.4250150024891, 159.74255651235583, 376.0459776222705, 138.98807018995288, 388.2762075960636, 189.98743593692782, 364.2778152227401, 122.97499179840091, 384.4250150024891, 159.74255651235583, 376.0459776222705, 138.98807018995288, 388.2762075960636, 189.98743593692782, 419.5720672607422, 157.8180938959122, 411.37970557808876, 185.06935983896258, 415.8460473716259, 174.0178093314171, 404.32206815481186, 204.20663058757785, 419.5720672607422, 157.8180938959122, 411.37970557808876, 185.06935983896258, 415.8460473716259, 174.0178093314171, 404.32206815481186, 204.20663058757785
tester1, 1, 5, 2023-11-08, 14:32:33.995, 402.3722403943538, 65.70198386907583, 442.0863769054413, 209.77288484573367, 402.0694365501403, 117.8994700312615, 412.13109961152077, 167.764887213707, 402.3722403943538, 65.70198386907583, 442.0863769054413, 209.77288484573367, 402.0694365501403, 117.8994700312615, 412.13109961152077, 167.764887213707, 245.28550559282303, 172.7020516991616, 309.9269006252289, 175.09829252958303, 277.3650215268135, 176.0972142219544, 343.02139484882355, 184.4071224331856, 245.28550559282303, 172.7020516991616, 309.9269006252289, 175.09829252958303, 277.3650215268135, 176.0972142219544, 343.02139484882355, 184.4071224331856, 223.56834948062897, 218.41243654489523, 291.1194682121277, 221.2479561567307, 254.13132166862488, 217.9329246282578, 331.20419305562973, 217.86546707153323, 223.56834948062897, 218.41243654489523, 291.1194682121277, 221.2479561567307, 254.13132166862488, 217.9329246282578, 331.20419305562973, 217.86546707153323, 223.50211548805237, 240.97723513841635, 288.20445692539215, 246.63846194744116, 252.66554671525955, 241.8200075626374, 331.6062087416649, 246.96010351181033, 223.50211548805237, 240.97723513841635, 288.20445692539215, 246.63846194744116, 252.66554671525955, 241.8200075626374, 331.6062087416649, 246.96010351181033, 239.4919793009758, 288.65320980548864, 299.9432990550995, 285.664513707161, 267.62015652656555, 289.37494754791265, 336.8100099861622, 283.02611410617834, 239.4919793009758, 288.65320980548864, 299.9432990550995, 285.664513707161, 267.62015652656555, 289.37494754791265, 336.8100099861622, 283.02611410617834
tester1, 1, 10, 2023-11-08, 14:32:34.965, 375.394292384386, 81.57263696193701, 434.73022931814194, 215.11253714561465, 376.6196411252021, 129.0547549724579, 398.25460109114647, 177.7717620134354, 375.394292384386, 81.57263696193701, 434.73022931814194, 215.11253714561465, 376.6196411252021, 129.0547549724579, 398.25460109114647, 177.7717620134354, 321.4072075486183, 215.02925455570224, 270.63742101192474, 216.86777472496038, 283.3673478960991, 215.07579088211065, 332.0681371688843, 215.5163884162903, 321.4072075486183, 215.02925455570224, 270.63742101192474, 216.86777472496038, 283.3673478960991, 215.07579088211065, 332.0681371688843, 215.5163884162903, 339.7751539647579, 249.70959126949316, 269.1665572524071, 264.58328962326055, 307.9291466474533, 257.4672996997834, 320.592203438282, 251.8157064914704, 339.7751539647579, 249.70959126949316, 269.1665572524071, 264.58328962326055, 307.9291466474533, 257.4672996997834, 320.592203438282, 251.8157064914704, 350.784408390522, 266.70670509338385, 282.6258929371834, 286.5100130438805, 317.3257067203522, 281.65570646524435, 343.758416980505, 283.2260727882386, 350.784408390522, 266.70670509338385, 282.6258929371834, 286.5100130438805, 317.3257067203522, 281.65570646524435, 343.758416980505, 283.2260727882386, 357.337120950222, 293.0979430675507, 336.79029086232185, 308.74127894639975, 338.83849558234215, 302.59032547473913, 362.3893513083458, 302.08969116210943, 357.337120950222, 293.0979430675507, 336.79029086232185, 308.74127894639975, 338.83849558234215, 302.59032547473913, 362.3893513083458, 302.08969116210943
tester1, 1, 15, 2023-11-08, 14:32:35.865, 258.0693022608757, 193.75826418399816, 377.43792513012886, 284.3492478132248, 293.05170381069183, 219.91746872663504, 328.07294726371765, 254.80185449123388, 258.0693022608757, 193.75826418399816, 377.43792513012886, 284.3492478132248, 293.05170381069183, 219.91746872663504, 328.07294726371765, 254.80185449123388, 295.6372546553612, 179.24590408802038, 330.4446489810943, 139.38624411821368, 306.5672946572304, 156.9784507155419, 364.1637146472931, 187.8713965415955, 295.6372546553612, 179.24590408802038, 330.4446489810943, 139.38624411821368, 306.5672946572304, 156.9784507155419, 364.1637146472931, 187.8713965415955, 328.3296934366226, 176.5626892447472, 367.29619288444513, 128.08504700660708, 333.8652013540268, 157.2946831583977, 393.5505762696266, 166.64674133062366, 328.3296934366226, 176.5626892447472, 367.29619288444513, 128.08504700660708, 333.8652013540268, 157.2946831583977, 393.5505762696266, 166.64674133062366, 347.4162150621414, 178.84160578250888, 385.69526848196983, 143.65178346633914, 355.4182633459568, 164.16945308446887, 411.17696833610535, 167.72340238094333, 347.4162150621414, 178.84160578250888, 385.69526848196983, 143.65178346633914, 355.4182633459568, 164.16945308446887, 411.17696833610535, 167.72340238094333, 369.349605679512, 175.11510103940967, 396.69967263936996, 155.34049272537234, 377.7896888554096, 166.15433245897296, 417.80565518140793, 172.8126704692841, 369.349605679512, 175.11510103940967, 396.69967263936996, 155.34049272537234, 377.7896888554096, 166.15433245897296, 417.80565518140793, 172.8126704692841
tester1, 1, 20, 2023-11-08, 14:32:36.867, 240.5292211174965, 267.79147982597357, 379.0609958767891, 297.2305342555046, 277.4313747882843, 276.6908705234528, 321.9269018769264, 287.53781318664556, 240.5292211174965, 267.79147982597357, 379.0609958767891, 297.2305342555046, 277.4313747882843, 276.6908705234528, 321.9269018769264, 287.53781318664556, 297.327215373516, 128.18951904773718, 330.4105778336525, 168.40126365423205, 319.102216899395, 146.68442308902743, 352.3281255662441, 211.82562410831454, 297.327215373516, 128.18951904773718, 330.4105778336525, 168.40126365423205, 319.102216899395, 146.68442308902743, 352.3281255662441, 211.82562410831454, 341.4314609766006, 110.3769019246102, 370.47035560011864, 148.88884127140048, 354.61534515023226, 125.08915364742282, 388.82605707645416, 198.00907373428348, 341.4314609766006, 110.3769019246102, 370.47035560011864, 148.88884127140048, 354.61534515023226, 125.08915364742282, 388.82605707645416, 198.00907373428348, 377.4566901028156, 162.54367679357532, 410.51474767923355, 161.78566217422488, 391.2729777097702, 159.6575975418091, 411.66891276836395, 199.81480389833453, 377.4566901028156, 162.54367679357532, 410.51474767923355, 161.78566217422488, 391.2729777097702, 159.6575975418091, 411.66891276836395, 199.81480389833453, 391.711370408535, 213.13981711864474, 413.5399634242058, 202.85497605800632, 402.17743453383446, 208.8308930397034, 419.8790852725506, 210.30463278293612, 391.711370408535, 213.13981711864474, 413.5399634242058, 202.85497605800632, 402.17743453383446, 208.8308930397034, 419.8790852725506, 210.30463278293612
tester1, 1, 25, 2023-11-08, 14:32:39.168, 244.8115310072899, 253.2432675361634, 364.09893175959587, 302.8320819139481, 275.3444871902466, 268.3283239603043, 318.84280705451965, 284.86128151416784, 244.8115310072899, 253.2432675361634, 364.09893175959587, 302.8320819139481, 275.3444871902466, 268.3283239603043, 318.84280705451965, 284.86128151416784, 317.0867316126823, 123.23315441608435, 339.45131903886795, 176.3604506850243, 329.4578181505203, 151.7792120575905, 358.76632010936737, 210.32242476940158, 317.0867316126823, 123.23315441608435, 339.45131903886795, 176.3604506850243, 329.4578181505203, 151.7792120575905, 358.76632010936737, 210.32242476940158, 368.08022683858866, 105.5236235260964, 380.9245922267437, 159.58294272422793, 374.70823782682413, 131.80851191282275, 393.37091755867004, 202.563151717186, 368.08022683858866, 105.5236235260964, 380.9245922267437, 159.58294272422793, 374.70823782682413, 131.80851191282275, 393.37091755867004, 202.563151717186, 419.3167125582695, 118.17964911460882, 421.6872613430023, 169.8347702622414, 421.9141902923584, 146.96386456489566, 421.51774048805237, 205.4211348295212, 419.3167125582695, 118.17964911460882, 421.6872613430023, 169.8347702622414, 421.9141902923584, 146.96386456489566, 421.51774048805237, 205.4211348295212, 468.76076570153236, 161.6882309317589, 455.12668120861053, 197.34916090965274, 462.0606169104576, 180.63079565763476, 445.5971164405346, 218.5778841376305, 468.76076570153236, 161.6882309317589, 455.12668120861053, 197.34916090965274, 462.0606169104576, 180.63079565763476, 445.5971164405346, 218.5778841376305
tester1, 1, 30, 2023-11-08, 14:32:40.017, 248.28881561756134, 212.26179599761969, 387.0190140604973, 286.0560044646263, 276.6689285039902, 238.34140598773962, 330.1294212937355, 275.21167695522314, 248.28881561756134, 212.26179599761969, 387.0190140604973, 286.0560044646263, 276.6689285039902, 238.34140598773962, 330.1294212937355, 275.21167695522314, 314.82348507642746, 144.59712803363806, 336.54048216342926, 174.75105822086337, 324.757788836956, 163.7343987822533, 360.79651522636414, 215.27161449193957, 314.82348507642746, 144.59712803363806, 336.54048216342926, 174.75105822086337, 324.757788836956, 163.7343987822533, 360.79651522636414, 215.27161449193957, 390.64371502399445, 193.08681786060336, 386.58169478178024, 184.33043360710147, 390.31186920404434, 186.1188188195229, 394.0482257306576, 196.93274796009067, 390.64371502399445, 193.08681786060336, 386.58169478178024, 184.33043360710147, 390.31186920404434, 186.1188188195229, 394.0482257306576, 196.93274796009067, 420.31270721554756, 149.50581640005115, 414.7805587053299, 166.05497896671298, 419.25514993071556, 156.47236257791522, 419.9256398975849, 193.49654763937, 420.31270721554756, 149.50581640005115, 414.7805587053299, 166.05497896671298, 419.25514993071556, 156.47236257791522, 419.9256398975849, 193.49654763937, 450.0218532681465, 132.21714645624164, 443.64347207546234, 171.21476680040362, 448.0196267068386, 154.25379574298861, 440.4831445515156, 189.81653451919559, 450.0218532681465, 132.21714645624164, 443.64347207546234, 171.21476680040362, 448.0196267068386, 154.25379574298861, 440.4831445515156, 189.81653451919559
tester1, 1, 35, 2023-11-08, 14:32:40.845, 277.19605726003647, 248.11680614948278, 380.2064543366432, 297.8895977139473, 304.8510550260544, 267.1960294246674, 339.7592713236809, 283.9010283350945, 277.19605726003647, 248.11680614948278, 380.2064543366432, 297.8895977139473, 304.8510550260544, 267.1960294246674, 339.7592713236809, 283.9010283350945, 326.8549335598945, 96.58978879451757, 347.8278318941593, 148.69594573974612, 338.7862160503864, 124.05019998550418, 368.7514721751213, 195.53301483392718, 326.8549335598945, 96.58978879451757, 347.8278318941593, 148.69594573974612, 338.7862160503864, 124.05019998550418, 368.7514721751213, 195.53301483392718, 392.9968107938766, 80.71390539407736, 403.43208366632456, 141.4539143443108, 399.1812011301517, 109.17431116104132, 408.1391100883484, 192.149855196476, 392.9968107938766, 80.71390539407736, 403.43208366632456, 141.4539143443108, 399.1812011301517, 109.17431116104132, 408.1391100883484, 192.149855196476, 435.16283747553825, 162.39295899868014, 449.6719978451729, 164.35383260250094, 443.29749289155006, 159.4841927289963, 443.57888796925545, 201.83551311492923, 435.16283747553825, 162.39295899868014, 449.6719978451729, 164.35383260250094, 443.29749289155006, 159.4841927289963, 443.57888796925545, 201.83551311492923, 483.93560552597046, 184.83231961727145, 475.3474698960781, 199.3343532085419, 480.21425700187683, 189.8612827062607, 468.93293035030365, 219.26537901163104, 483.93560552597046, 184.83231961727145, 475.3474698960781, 199.3343532085419, 480.21425700187683, 189.8612827062607, 468.93293035030365, 219.26537901163104
tester1, 2, 0, 2023-11-08, 14:32:45.623, 386.1600394845008, 20.53251117467886, 443.1399188041687, 143.55095475912097, 396.54631271958345, 51.15202814340597, 417.0535256564617, 100.7343158125878, 386.1600394845008, 20.53251117467886, 443.1399188041687, 143.55095475912097, 396.54631271958345, 51.15202814340597, 417.0535256564617, 100.7343158125878, 249.09904897212976, 124.34821575880056, 307.60131621360773, 128.4389421343804, 274.2800123095512, 127.15563923120504, 348.06038635969156, 129.0528327226639, 249.09904897212976, 124.34821575880056, 307.60131621360773, 128.4389421343804, 274.2800123095512, 127.15563923120504, 348.06038635969156, 129.0528327226639, 234.83655655384064, 151.08738094568258, 292.29764610528946, 157.55456686019903, 257.13113313913345, 154.18676286935812, 335.3689435720444, 160.60086339712146, 234.83655655384064, 151.08738094568258, 292.29764610528946, 157.55456686019903, 257.13113313913345, 154.18676286935812, 335.3689435720444, 160.60086339712146, 240.47682231664658, 174.379974603653, 293.5975975394249, 182.8825548291207, 262.78380286693573, 179.22851443290716, 333.7521741986275, 189.66335803270343, 240.47682231664658, 174.379974603653, 293.5975975394249, 182.8825548291207, 262.78380286693573, 179.22851443290716, 333.7521741986275, 189.66335803270343, 258.35165148973465, 208.91124755144125, 306.96131932735443, 217.47533977031713, 281.8079866170883, 214.88644927740103, 340.9089240729809, 223.42233359813693, 258.35165148973465, 208.91124755144125, 306.96131932735443, 217.47533977031713, 281.8079866170883, 214.88644927740103, 340.9089240729809, 223.42233359813693
tester1, 2, 5, 2023-11-08, 14:32:46.509, 333.1950294375419, 99.9187901616097, 385.2497792840004, 236.6563528776169, 333.7302486002445, 145.0268626213074, 356.55105942487717, 196.79772108793262, 333.1950294375419, 99.9187901616097, 385.2497792840004, 236.6563528776169, 333.7302486002445, 145.0268626213074, 356.55105942487717, 196.79772108793262, 298.5798170566559, 231.1560139060021, 236.47217041254044, 223.018728196621, 249.9897888302803, 233.72063040733343, 277.03094935417175, 228.1434908509255, 298.5798170566559, 231.1560139060021, 236.47217041254044, 223.018728196621, 249.9897888302803, 233.72063040733343, 277.03094935417175, 228.1434908509255, 296.5996353626251, 249.74213540554052, 233.48468339443207, 270.4168930649758, 263.0411056280136, 257.8881606459618, 266.7519982457161, 259.90346074104315, 296.5996353626251, 249.74213540554052, 233.48468339443207, 270.4168930649758, 263.0411056280136, 257.8881606459618, 266.7519982457161, 259.90346074104315, 305.5748979449272, 270.74061334133154, 248.17189234495163, 278.90932559967047, 272.1002937555313, 276.65662765502935, 287.9324045777321, 285.94804555177694, 305.5748979449272, 270.74061334133154, 248.17189234495163, 278.90932559967047, 272.1002937555313, 276.65662765502935, 287.9324045777321, 285.94804555177694, 308.45738857984543, 290.2983650565148, 298.43641608953476, 306.0074150562287, 296.49273067712784, 299.69937354326254, 316.5575752854347, 301.00026726722723, 308.45738857984543, 290.2983650565148, 298.43641608953476, 306.0074150562287, 296.49273067712784, 299.69937354326254, 316.5575752854347, 301.00026726722723
tester1, 2, 10, 2023-11-08, 14:32:48.152, 392.1536791026592, 241.35962873697284, 447.31651669740677, 270.1563611626625, 410.38989302515984, 222.0021262764931, 436.0387283563614, 251.84525549411777, 392.1536791026592, 241.35962873697284, 447.31651669740677, 270.1563611626625, 410.38989302515984, 222.0021262764931, 436.0387283563614, 251.84525549411777, 391.87381464242935, 258.83741676807404, 387.93219634890556, 231.670618057251, 384.29258677363396, 232.64868557453158, 406.8832682669163, 249.30824339389804, 391.87381464242935, 258.83741676807404, 387.93219634890556, 231.670618057251, 384.29258677363396, 232.64868557453158, 406.8832682669163, 249.30824339389804, 401.09339955449104, 270.81388235092163, 360.24084144830704, 230.6860685348511, 378.2380603849888, 247.1229583024979, 386.1136240065098, 249.54248964786532, 401.09339955449104, 270.81388235092163, 360.24084144830704, 230.6860685348511, 378.2380603849888, 247.1229583024979, 386.1136240065098, 249.54248964786532, 389.76009154319763, 278.8023501634598, 354.85189512372017, 240.6207472085953, 369.44770434498787, 258.6208954453469, 368.3998475968838, 254.56841289997107, 389.76009154319763, 278.8023501634598, 354.85189512372017, 240.6207472085953, 369.44770434498787, 258.6208954453469, 368.3998475968838, 254.56841289997107, 373.5756802856922, 306.5550774335862, 357.0113777220249, 257.5960457324982, 364.5934007167816, 282.10714459419256, 361.2316479086876, 262.6894488930703, 373.5756802856922, 306.5550774335862, 357.0113777220249, 257.5960457324982, 364.5934007167816, 282.10714459419256, 361.2316479086876, 262.6894488930703
tester1, 2, 15, 2023-11-08, 14:32:48.921, 378.8247838318348, 168.0458709597588, 442.43338975310326, 253.8273632526398, 398.75928741693497, 195.45243680477145, 422.554942548275, 219.83984112739566, 378.8247838318348, 168.0458709597588, 442.43338975310326, 253.8273632526398, 398.75928741693497, 195.45243680477145, 422.554942548275, 219.83984112739566, 359.245463013649, 229.70695048570636, 365.5982411503792, 192.31760501861575, 363.09057289361954, 202.66715437173846, 389.72862443327904, 208.2607448101044, 359.245463013649, 229.70695048570636, 365.5982411503792, 192.31760501861575, 363.09057289361954, 202.66715437173846, 389.72862443327904, 208.2607448101044, 373.41424983739853, 247.63590842485434, 336.992869079113, 205.89919388294223, 353.43138271570206, 227.99190133810046, 364.87177431583405, 217.8999334573746, 373.41424983739853, 247.63590842485434, 336.992869079113, 205.89919388294223, 353.43138271570206, 227.99190133810046, 364.87177431583405, 217.8999334573746, 369.7098573744297, 266.62628352642065, 332.95156186819077, 221.24093770980838, 346.553563028574, 239.27729576826098, 350.6672465801239, 230.0413101911545, 369.7098573744297, 266.62628352642065, 332.95156186819077, 221.24093770980838, 346.553563028574, 239.27729576826098, 350.6672465801239, 230.0413101911545, 362.47757053375244, 275.9926691651345, 337.1792466044426, 236.8825748562813, 349.8807278573513, 252.10797786712652, 342.8208243250847, 244.59935724735263, 362.47757053375244, 275.9926691651345, 337.1792466044426, 236.8825748562813, 349.8807278573513, 252.10797786712652, 342.8208243250847, 244.59935724735263
tester1, 2, 20, 2023-11-08, 14:32:49.706, 397.46452417969704, 164.3859073519707, 465.3065397441387, 238.3302748203278, 420.3701948225498, 169.75492984056476, 447.85211354494095, 205.50743490457538, 397.46452417969704, 164.3859073519707, 465.3065397441387, 238.3302748203278, 420.3701948225498, 169.75492984056476, 447.85211354494095, 205.50743490457538, 403.0445989072323, 214.3383622169495, 390.66067108511925, 173.18920791149142, 396.2798461318016, 190.83776324987414, 410.10330975055695, 189.3878057599068, 403.0445989072323, 214.3383622169495, 390.66067108511925, 173.18920791149142, 396.2798461318016, 190.83776324987414, 410.10330975055695, 189.3878057599068, 394.65329670906067, 233.86198282241824, 361.65477418899536, 181.94626271724704, 373.39969903230667, 209.67290550470355, 383.66988387703896, 195.96695154905322, 394.65329670906067, 233.86198282241824, 361.65477418899536, 181.94626271724704, 373.39969903230667, 209.67290550470355, 383.66988387703896, 195.96695154905322, 389.02700528502464, 248.44832718372348, 350.25735914707184, 194.03989613056186, 368.2149410545826, 222.60197997093204, 364.73511204123497, 211.1919075250626, 389.02700528502464, 248.44832718372348, 350.25735914707184, 194.03989613056186, 368.2149410545826, 222.60197997093204, 364.73511204123497, 211.1919075250626, 378.55414283275604, 255.878359079361, 336.91671589016914, 215.21763503551486, 361.6085574924946, 233.353927731514, 348.21489921212196, 235.2772951126099, 378.55414283275604, 255.878359079361, 336.91671589016914, 215.21763503551486, 361.6085574924946, 233.353927731514, 348.21489921212196, 235.2772951126099
tester1, 2, 25, 2023-11-08, 14:32:50.507, 387.79330772161484, 207.40386843681338, 455.5093156993389, 244.7701692581177, 417.442799448967, 212.47923374176028, 442.56530115008354, 224.29975122213366, 387.79330772161484, 207.40386843681338, 455.5093156993389, 244.7701692581177, 417.442799448967, 212.47923374176028, 442.56530115008354, 224.29975122213366, 371.6593074500561, 227.48856246471408, 391.0450548529625, 214.8028984665871, 381.3732221722603, 220.3793674707413, 407.9573840498924, 224.77501630783084, 371.6593074500561, 227.48856246471408, 391.0450548529625, 214.8028984665871, 381.3732221722603, 220.3793674707413, 407.9573840498924, 224.77501630783084, 354.6563140153885, 202.91344821453097, 369.29754480719566, 198.08419793844226, 365.35664212703705, 205.5541500449181, 383.227734208107, 218.33876520395282, 354.6563140153885, 202.91344821453097, 369.29754480719566, 198.08419793844226, 365.35664212703705, 205.5541500449181, 383.227734208107, 218.33876520395282, 368.32671588659286, 244.83011662960055, 349.67192777991295, 215.17556905746463, 352.0836640894413, 229.41369563341144, 366.0390391051769, 222.478061914444, 368.32671588659286, 244.83011662960055, 349.67192777991295, 215.17556905746463, 352.0836640894413, 229.41369563341144, 366.0390391051769, 222.478061914444, 354.0115463733673, 255.01482188701635, 346.61933982372284, 231.8028509616852, 347.71599742770195, 243.35244297981265, 355.1980134546757, 233.10461640357974, 354.0115463733673, 255.01482188701635, 346.61933982372284, 231.8028509616852, 347.71599742770195, 243.35244297981265, 355.1980134546757, 233.10461640357974
tester1, 2, 30, 2023-11-08, 14:32:51.601, 367.68387642502785, 245.4229071736336, 426.4632251858711, 289.31231796741486, 409.0234094262123, 250.46275556087497, 429.9518800973892, 263.321690261364, 367.68387642502785, 245.4229071736336, 426.4632251858711, 289.31231796741486, 409.0234094262123, 250.46275556087497, 429.9518800973892, 263.321690261364, 371.82141375541687, 238.9943897724152, 386.6253471970558, 221.33593261241916, 373.2542108595371, 226.2925207614899, 406.01819109916687, 244.5618957281113, 371.82141375541687, 238.9943897724152, 386.6253471970558, 221.33593261241916, 373.2542108595371, 226.2925207614899, 406.01819109916687, 244.5618957281113, 368.67013078927994, 243.0236488580704, 346.06843680143356, 200.93104988336566, 353.94576957821846, 219.49566900730136, 380.4713903069496, 240.9045919775963, 368.67013078927994, 243.0236488580704, 346.06843680143356, 200.93104988336566, 353.94576957821846, 219.49566900730136, 380.4713903069496, 240.9045919775963, 358.34017235040665, 260.8737945556641, 331.7888889312744, 218.48814189434054, 341.2063806951046, 237.76260763406756, 369.3299461901188, 241.84812605381015, 358.34017235040665, 260.8737945556641, 331.7888889312744, 218.48814189434054, 341.2063806951046, 237.76260763406756, 369.3299461901188, 241.84812605381015, 337.52888336777687, 266.0759389400483, 334.11395651102066, 247.7629110217095, 332.7714658379555, 254.77042794227606, 351.6373400092125, 254.016861319542, 337.52888336777687, 266.0759389400483, 334.11395651102066, 247.7629110217095, 332.7714658379555, 254.77042794227606, 351.6373400092125, 254.016861319542
tester1, 2, 35, 2023-11-08, 14:32:55.780, 228.22830444574356, 213.40070664882666, 356.6132780313492, 317.2555938363076, 270.8688026666641, 243.24238300323492, 308.5415526628494, 286.1681208014489, 228.22830444574356, 213.40070664882666, 356.6132780313492, 317.2555938363076, 270.8688026666641, 243.24238300323492, 308.5415526628494, 286.1681208014489, 353.90094435214996, 194.4326162338257, 347.2584223151207, 159.96629744768146, 349.8930920660496, 166.12109541893008, 347.1694278419018, 215.72962403297427, 353.90094435214996, 194.4326162338257, 347.2584223151207, 159.96629744768146, 349.8930920660496, 166.12109541893008, 347.1694278419018, 215.72962403297427, 363.0320516228675, 66.76903367042547, 377.43259778618807, 139.1602009534836, 369.16302937269205, 94.94378417730337, 384.58893021941185, 198.19468259811404, 363.0320516228675, 66.76903367042547, 377.43259778618807, 139.1602009534836, 369.16302937269205, 94.94378417730337, 384.58893021941185, 198.19468259811404, 393.87061446905136, 203.952893614769, 412.1150778234005, 170.7492917776108, 396.1114980876446, 183.6308911442757, 420.46560993790627, 202.19747722148898, 393.87061446905136, 203.952893614769, 412.1150778234005, 170.7492917776108, 396.1114980876446, 183.6308911442757, 420.46560993790627, 202.19747722148898, 413.8343190550804, 231.55859112739566, 430.75941002368927, 208.85905623435977, 419.2270422279835, 219.64249759912494, 448.5760160982609, 214.41547572612765, 413.8343190550804, 231.55859112739566, 430.75941002368927, 208.85905623435977, 419.2270422279835, 219.64249759912494, 448.5760160982609, 214.41547572612765
tester1, 2, 40, 2023-11-08, 14:32:56.866, 233.03833943605423, 243.9111471176148, 361.26504319906235, 320.11129707098013, 268.77145916223526, 267.93953776359564, 312.5995972752571, 295.4740226268769, 233.03833943605423, 243.9111471176148, 361.26504319906235, 320.11129707098013, 268.77145916223526, 267.93953776359564, 312.5995972752571, 295.4740226268769, 315.51794809103006, 110.44333130121237, 331.732514500618, 171.29807174205783, 324.4048324227333, 143.84146034717563, 356.376529276371, 219.46207433938983, 315.51794809103006, 110.44333130121237, 331.732514500618, 171.29807174205783, 324.4048324227333, 143.84146034717563, 356.376529276371, 219.46207433938983, 367.36324188113207, 82.34037458896643, 375.5732752382755, 151.2979567050934, 371.42031246423716, 109.60831493139273, 389.2477720081806, 212.92765438556674, 367.36324188113207, 82.34037458896643, 375.5732752382755, 151.2979567050934, 371.42031246423716, 109.60831493139273, 389.2477720081806, 212.92765438556674, 413.1292013525963, 100.88087618350988, 415.52837467193604, 165.41328281164172, 415.2839131951332, 134.89097356796267, 418.7308438718319, 213.66705000400546, 413.1292013525963, 100.88087618350988, 415.52837467193604, 165.41328281164172, 415.2839131951332, 134.89097356796267, 418.7308438718319, 213.66705000400546, 465.2504237294197, 148.2144668698311, 453.68611174821854, 192.31467694044116, 460.3384535908699, 172.60931432247165, 447.4120312035084, 222.98021614551547, 465.2504237294197, 148.2144668698311, 453.68611174821854, 192.31467694044116, 460.3384535908699, 172.60931432247165, 447.4120312035084, 222.98021614551547
tester1, 2, 45, 2023-11-08, 14:32:57.622, 241.22137826681137, 207.98559486866003, 359.6563642323017, 322.8187188506127, 277.8488954305649, 241.8432533740998, 316.55662113428116, 285.95168888568884, 241.22137826681137, 207.98559486866003, 359.6563642323017, 322.8187188506127, 277.8488954305649, 241.8432533740998, 316.55662113428116, 285.95168888568884, 335.6765181720256, 110.70397496223455, 349.04037910699844, 170.0399145483971, 343.4209456443786, 139.54058289527896, 364.7259283363819, 216.40464663505557, 335.6765181720256, 110.70397496223455, 349.04037910699844, 170.0399145483971, 343.4209456443786, 139.54058289527896, 364.7259283363819, 216.40464663505557, 383.45748585462565, 97.90324419736868, 390.85084533691406, 157.21155703067782, 386.15852874517435, 121.63040041923526, 395.6168899834156, 208.91453325748446, 383.45748585462565, 97.90324419736868, 390.85084533691406, 157.21155703067782, 386.15852874517435, 121.63040041923526, 395.6168899834156, 208.91453325748446, 418.47825223207474, 122.23789840936664, 427.151704877615, 175.38683116436007, 423.95394679903984, 147.66718447208407, 424.3198637664318, 217.10689365863803, 418.47825223207474, 122.23789840936664, 427.151704877615, 175.38683116436007, 423.95394679903984, 147.66718447208407, 424.3198637664318, 217.10689365863803, 460.66586658358574, 176.15910619497302, 450.7117443084717, 211.44901961088183, 456.1651355922222, 193.97764652967456, 446.612213999033, 234.50750112533572, 460.66586658358574, 176.15910619497302, 450.7117443084717, 211.44901961088183, 456.1651355922222, 193.97764652967456, 446.612213999033, 234.50750112533572
tester1, 2, 50, 2023-11-08, 14:32:58.586, 449.3688361942768, 116.99004471302032, 455.3340699374676, 265.0972679257393, 429.50953164696693, 163.7777164578438, 431.54445776343346, 218.01028400659564, 449.3688361942768, 116.99004471302032, 455.3340699374676, 265.0972679257393, 429.50953164696693, 163.7777164578438, 431.54445776343346, 218.01028400659564, 388.5076687633991, 281.8038538098335, 325.0338168144226, 290.6625643372536, 356.0722345709801, 291.97190701961523, 351.60138043761253, 271.32795006036764, 388.5076687633991, 281.8038538098335, 325.0338168144226, 290.6625643372536, 356.0722345709801, 291.97190701961523, 351.60138043761253, 271.32795006036764, 387.8675526082516, 266.21152460575104, 309.78819090127945, 267.8284496068955, 349.5111930668354, 266.9693157076836, 347.43142184615135, 272.70119637250906, 387.8675526082516, 266.21152460575104, 309.78819090127945, 267.8284496068955, 349.5111930668354, 266.9693157076836, 347.43142184615135, 272.70119637250906, 379.09663739800453, 262.0741054415703, 307.8280066251755, 245.13734132051474, 338.1229219734669, 251.16862356662756, 357.2209132909775, 286.36313974857336, 379.09663739800453, 262.0741054415703, 307.8280066251755, 245.13734132051474, 338.1229219734669, 251.16862356662756, 357.2209132909775, 286.36313974857336, 377.0872149467468, 294.84008252620697, 366.37253481149673, 315.5114427208901, 364.78651693463326, 304.450236260891, 381.1794102191925, 310.6915131211281, 377.0872149467468, 294.84008252620697, 366.37253481149673, 315.5114427208901, 364.78651693463326, 304.450236260891, 381.1794102191925, 310.6915131211281
tester1, 2, 55, 2023-11-08, 14:32:59.316, 368.08402356505394, 210.8593136072159, 449.38533505797386, 301.0532855987549, 402.02695694565773, 199.02330636978152, 438.8146522343159, 204.22402024269107, 368.08402356505394, 210.8593136072159, 449.38533505797386, 301.0532855987549, 402.02695694565773, 199.02330636978152, 438.8146522343159, 204.22402024269107, 387.41677582263947, 220.49255669116977, 376.8047663271427, 190.34005701541903, 373.45086538791656, 195.86348533630374, 399.2931349873543, 202.43196934461596, 387.41677582263947, 220.49255669116977, 376.8047663271427, 190.34005701541903, 373.45086538791656, 195.86348533630374, 399.2931349873543, 202.43196934461596, 398.90445753932, 237.7455532550812, 356.3223811984062, 200.86111128330234, 377.62038666009903, 217.721164226532, 383.3164702653885, 215.26660770177844, 398.90445753932, 237.7455532550812, 356.3223811984062, 200.86111128330234, 377.62038666009903, 217.721164226532, 383.3164702653885, 215.26660770177844, 391.2837119102478, 259.5091983675957, 341.3884844183922, 225.25115311145785, 365.6330080330372, 239.28663879632953, 370.18226158618927, 237.77215182781222, 391.2837119102478, 259.5091983675957, 341.3884844183922, 225.25115311145785, 365.6330080330372, 239.28663879632953, 370.18226158618927, 237.77215182781222, 378.5966820716858, 269.9381858110428, 340.37304893136024, 262.48919963836676, 354.4789611697197, 263.483539223671, 361.5277726948261, 276.2651592493058, 378.5966820716858, 269.9381858110428, 340.37304893136024, 262.48919963836676, 354.4789611697197, 263.483539223671, 361.5277726948261, 276.2651592493058
tester1, 2, 60, 2023-11-08, 14:33:00.756, 345.9007844924927, 262.5908106565476, 462.4752750992775, 305.22550642490387, 379.5902515947819, 269.41926777362823, 434.6662813127041, 312.78491020202637, 345.9007844924927, 262.5908106565476, 462.4752750992775, 305.22550642490387, 379.5902515947819, 269.41926777362823, 434.6662813127041, 312.78491020202637, 262.3914479613304, 203.19834351539618, 342.3083457648754, 221.158504486084, 299.41676664352417, 215.24186432361608, 376.2045456171036, 229.94166612625125, 262.3914479613304, 203.19834351539618, 342.3083457648754, 221.158504486084, 299.41676664352417, 215.24186432361608, 376.2045456171036, 229.94166612625125, 372.35748767852783, 233.47149789333346, 335.77256938815117, 236.59014701843265, 347.7238890528679, 236.29756271839145, 367.5394815504551, 228.35692763328555, 372.35748767852783, 233.47149789333346, 335.77256938815117, 236.59014701843265, 347.7238890528679, 236.29756271839145, 367.5394815504551, 228.35692763328555, 413.2353506684303, 273.0948328971863, 347.16185426712036, 270.93288302421576, 373.5735533237457, 279.13320064544683, 375.87482675909996, 234.5530986785889, 413.2353506684303, 273.0948328971863, 347.16185426712036, 270.93288302421576, 373.5735533237457, 279.13320064544683, 375.87482675909996, 234.5530986785889, 396.8184247016907, 286.7192029953003, 365.75436413288116, 292.4701273441315, 375.6586320102215, 294.1835671663285, 396.7016008198261, 238.88356983661654, 396.8184247016907, 286.7192029953003, 365.75436413288116, 292.4701273441315, 375.6586320102215, 294.1835671663285, 396.7016008198261, 238.88356983661654
tester1, 2, 65, 2023-11-08, 14:33:02.288, 357.9784297943115, 248.63816052675253, 467.5166718661785, 312.82319873571396, 378.72441905736923, 225.5048453807831, 422.4389535486698, 236.79897934198382, 357.9784297943115, 248.63816052675253, 467.5166718661785, 312.82319873571396, 378.72441905736923, 225.5048453807831, 422.4389535486698, 236.79897934198382, 366.9025657773018, 234.3637123703957, 368.41887098550797, 212.61598169803622, 356.77928045392036, 227.88079082965854, 393.53266605734825, 215.78729152679446, 366.9025657773018, 234.3637123703957, 368.41887098550797, 212.61598169803622, 356.77928045392036, 227.88079082965854, 393.53266605734825, 215.78729152679446, 402.06802520155907, 245.12495845556262, 338.8080820143223, 244.26385760307315, 366.7178381383419, 246.04213982820514, 388.38772401213646, 233.658604323864, 402.06802520155907, 245.12495845556262, 338.8080820143223, 244.26385760307315, 366.7178381383419, 246.04213982820514, 388.38772401213646, 233.658604323864, 415.6506849229336, 273.8824859261513, 347.99453005194664, 269.8358148336411, 378.10453885793686, 276.2340009212494, 390.85070618987083, 249.85939264297488, 415.6506849229336, 273.8824859261513, 347.99453005194664, 269.8358148336411, 378.10453885793686, 276.2340009212494, 390.85070618987083, 249.85939264297488, 408.14127680659294, 299.92979764938354, 368.23809909820557, 296.4294701814652, 384.4626443386078, 299.5084449648857, 400.9234612584114, 276.72775089740753, 408.14127680659294, 299.92979764938354, 368.23809909820557, 296.4294701814652, 384.4626443386078, 299.5084449648857, 400.9234612584114, 276.72775089740753
